城市,全部企业
七台河市,18
万宁市,24
三亚市,667
三明市,398
三沙市,6
三门峡市,89
上海市,13811
上饶市,371
东方市,28
东莞市,2781
东营市,695
中卫市,41
中国（江苏）自由贸易试验区苏州片区,1
中山市,1013
临夏回族自治州,44
临汾市,201
临沂市,1497
临沧市,68
临高县,7
丹东市,139
丽水市,311
丽江市,63
乌兰察布市,104
乌海市,52
乌鲁木齐市,1591
乐东黎族自治县,25
乐山市,107
九江市,381
云浮市,55
五家渠市,17
五指山市,7
亳州市,129
仙桃市,57
伊春市,14
伊犁哈萨克自治州,149
佛山市,2528
佳木斯市,49
保亭黎族苗族自治县,16
保定市,742
保山市,56
信阳市,277
儋州市,121
克孜勒苏柯尔克孜自治州,19
克拉玛依市,79
六安市,237
六盘水市,101
兰州市,1925
兴安盟,49
内江市,122
凉山彝族自治州,175
包头市,421
北京市,26634
北屯市,6
北海市,202
十堰市,373
南京市,7181
南充市,341
南宁市,3505
南平市,216
南昌市,1837
南通市,940
南阳市,498
博尔塔拉蒙古自治州,20
厦门市,7123
双河市,3
双鸭山市,12
可克达拉市,3
台州市,578
合肥市,5808
吉安市,264
吉林市,329
吐鲁番市,18
吕梁市,119
吴忠市,75
周口市,234
呼伦贝尔市,101
呼和浩特市,984
和田地区,50
咸宁市,191
咸阳市,419
哈密市,73
哈尔滨市,1541
唐山市,562
商丘市,157
商洛市,48
喀什地区,147
嘉兴市,1264
嘉峪关市,70
四平市,63
固原市,86
图木舒克市,1
塔城地区,32
大兴安岭地区,10
大同市,146
大庆市,266
大理白族自治州,104
大连市,1938
天水市,140
天津市,6838
天门市,30
太原市,2124
威海市,597
娄底市,165
孝感市,205
宁德市,742
宁波市,3167
安庆市,303
安康市,175
安阳市,233
安顺市,86
定安县,7
定西市,97
宜宾市,310
宜昌市,609
宜春市,349
宝鸡市,570
宣城市,125
宿州市,220
宿迁市,478
屯昌县,10
山南市,20
山西转型综合改革示范区,16
岳阳市,201
崇左市,62
巴中市,94
巴彦淖尔市,77
巴音郭楞蒙古自治州,219
常州市,1222
常德市,136
平凉市,143
平顶山市,210
广元市,146
广安市,119
广州市,22943
庆阳市,208
廊坊市,360
延安市,217
延边朝鲜族自治州,113
开封市,246
张家口市,219
张家界市,61
张掖市,169
徐州市,1273
德宏傣族景颇族自治州,30
德州市,564
德阳市,254
忻州市,94
怀化市,131
怒江傈僳族自治州,12
恩施土家族苗族自治州,286
惠州市,1125
成都市,9712
扬州市,820
承德市,120
抚州市,205
抚顺市,124
拉萨市,341
揭阳市,118
攀枝花市,108
文山壮族苗族自治州,70
文昌市,42
新乡市,339
新余市,127
新星市,4
无锡市,2243
日喀则市,11
日照市,574
昆明市,2523
昌吉回族自治州,116
昌江黎族自治县,11
昌都市,12
昭通市,90
晋中市,222
晋城市,234
普洱市,53
景德镇市,96
曲靖市,169
朔州市,95
朝阳市,134
本溪市,70
来宾市,70
杭州市,11618
松原市,105
林芝市,19
枣庄市,478
柳州市,603
株洲市,387
桂林市,460
梅州市,224
梧州市,105
楚雄彝族自治州,104
榆林市,566
武威市,129
武汉市,7804
毕节市,112
永州市,145
汉中市,190
汕头市,407
汕尾市,81
江门市,372
池州市,78
沈阳市,2989
沧州市,213
河池市,86
河源市,243
泉州市,1924
泰安市,731
泰州市,482
泸州市,247
洛阳市,760
济南市,6626
济宁市,1105
济源市,56
海东市,47
海北藏族自治州,11
海南省洋浦经济开发区,2
海南藏族自治州,13
海口市,2924
海西蒙古族藏族自治州,43
淄博市,930
淮北市,127
淮南市,162
淮安市,433
深圳市,22125
清远市,117
温州市,1912
渭南市,210
湖州市,635
湘潭市,170
湘西土家族苗族自治州,65
湛江市,385
滁州市,246
滨州市,573
漯河市,142
漳州市,1018
潍坊市,1311
潜江市,23
潮州市,88
澄迈县,324
濮阳市,134
烟台市,1487
焦作市,158
牡丹江市,110
玉林市,218
玉树藏族自治州,4
玉溪市,64
珠海市,3055
琼中黎族苗族自治县,5
琼海市,52
甘南藏族自治州,18
甘孜藏族自治州,27
白城市,43
白山市,66
白沙黎族自治县,1
白银市,97
百色市,107
益阳市,153
盐城市,628
盘锦市,124
眉山市,152
石嘴山市,62
石家庄市,1274
石河子市,55
神农架林区,8
福州市,7355
秦皇岛市,164
红河哈尼族彝族自治州,118
绍兴市,740
绥化市,60
绵阳市,939
聊城市,605
肇庆市,253
胡杨河市,4
自贡市,181
舟山市,179
芜湖市,459
苏州市,6078
茂名市,235
荆州市,216
荆门市,143
莆田市,600
菏泽市,487
萍乡市,176
营口市,149
葫芦岛市,91
蚌埠市,234
衡水市,169
衡阳市,226
衢州市,252
襄阳市,480
西双版纳傣族自治州,61
西宁市,756
西安市,11503
西藏自治区,1
许昌市,223
贵州省贵安新区,1
贵港市,166
贵阳市,2568
贺州市,72
资阳市,73
赣州市,699
赤峰市,197
辽宁省沈抚示范区,1
辽源市,35
辽阳市,71
达州市,145
运城市,244
连云港市,366
迪庆藏族自治州,17
通化市,77
通辽市,146
遂宁市,141
遵义市,277
邢台市,140
那曲市,11
邯郸市,273
邵阳市,165
郑州市,5667
郴州市,194
鄂尔多斯市,382
鄂州市,95
酒泉市,161
重庆市,7478
金华市,1314
金昌市,66
钦州市,132
铁岭市,55
铁门关市,6
铜仁市,116
铜川市,75
铜陵市,90
银川市,1135
锡林郭勒盟,79
锦州市,132
镇江市,496
长春市,2232
长沙市,5676
长治市,264
阜新市,71
阜阳市,410
防城港市,55
阳江市,88
阳泉市,102
阿克苏地区,139
阿勒泰地区,27
阿坝藏族羌族自治州,29
阿拉善盟,26
阿拉尔市,14
阿里地区,4
陇南市,84
陵水黎族自治县,58
随州市,121
雅安市,55
青岛市,5476
鞍山市,226
韶关市,212
马鞍山市,232
驻马店市,144
鸡西市,36
鹤壁市,130
鹤岗市,29
鹰潭市,83
黄冈市,285
黄南藏族自治州,5
黄山市,76
黄石市,197
黑河市,51
黔东南苗族侗族自治州,108
黔南布依族苗族自治州,132
黔西南布依族苗族自治州,123
齐齐哈尔市,69
龙岩市,577
