城市,全部企业,企业密度
北京市,26634,16229.813278539277
石家庄市,1274,906.1166429587481
天津市,6838,5714.524486043791
长治市,264,189.17950555356504
唐山市,562,417.1615201900237
巴彦淖尔市,77,11.820693890082898
锡林郭勒盟,79,3.952292329551139
赤峰市,197,21.883782672931872
邢台市,140,112.6035550550953
太原市,2124,3039.496279336004
衡水市,169,191.24137150616724
临汾市,201,99.00502413555314
运城市,244,172.03694563914544
阿拉善盟,26,1.0480490164463077
晋中市,222,135.43191800878478
吕梁市,119,56.29139072847681
包头市,421,151.61336790550274
保定市,742,334.46022086995714
承德市,120,30.387439858191946
呼伦贝尔市,101,3.992094861660079
廊坊市,360,560.8350210313133
乌兰察布市,104,19.097987365946818
鄂尔多斯市,382,43.96768030201883
秦皇岛市,164,210.1755734973728
沧州市,213,148.90939597315435
朔州市,95,89.41176470588235
阳泉市,102,223.73327484097388
乌海市,52,311.56381066506884
邯郸市,273,226.27434728553666
忻州市,94,37.37277353689567
兴安盟,49,8.88792149607299
呼和浩特市,984,572.5590596997556
大同市,146,103.87023335230506
通辽市,146,24.80419972477532
张家口市,219,59.51572139033073
晋城市,234,248.27586206896552
山西转型综合改革示范区,16,271.3842291839815
沈阳市,2989,2302.773497688752
七台河市,18,29.079159935379646
长春市,2232,902.0368574199805
大连市,1938,1464.077963284732
伊春市,14,4.268292682926829
朝阳市,134,68.02721088435374
铁岭市,55,42.35656526761648
吉林市,329,118.72541589982318
葫芦岛市,91,87.4243443174176
四平市,63,61.511423550087876
阜新市,71,68.75181562893387
佳木斯市,49,15.090853095164766
牡丹江市,110,28.330800731449763
齐齐哈尔市,69,16.32942847000355
大庆市,266,125.44211270926667
抚顺市,124,110.01685742170172
锦州市,132,131.47410358565736
双鸭山市,12,5.441930071198584
鞍山市,226,244.19232847109672
白山市,66,37.70351328191945
本溪市,70,83.19467554076539
松原市,105,47.72727272727273
辽阳市,71,149.69428631667722
鸡西市,36,16.004267804747933
丹东市,139,90.9090909090909
哈尔滨市,1541,290.3821512022311
辽源市,35,68.09338521400778
绥化市,60,17.20528775843776
延边朝鲜族自治州,113,26.07953103002608
白城市,43,16.693194611592062
鹤岗市,29,19.774974428912376
大兴安岭地区,10,1.2058507880234899
上海市,13811,21782.193833293903
黑河市,51,7.627650982620921
营口市,149,275.93614578317715
盘锦市,124,305.0430504305043
通化市,77,49.321035101204195
南京市,7181,10901.26318633858
中国（江苏）自由贸易试验区苏州片区,1,35.97122302158273
乌鲁木齐市,1591,1119.1378910124295
苏州市,6078,7020.648422375515
徐州市,1273,1082.0229494262642
扬州市,820,1244.081132295891
无锡市,2243,4847.151569111348
南通市,940,891.0797231965115
连云港市,366,480.6303348653972
常州市,1222,2795.0594693504113
湖州市,635,1091.0652920962198
宿迁市,478,560.7695917409667
杭州市,11618,6893.49496872176
镇江市,496,1291.6666666666667
泰州市,482,832.9013305685156
温州市,1912,1584.7492747617073
嘉兴市,1264,2993.132843949799
盐城市,628,370.0212114070233
金华市,1314,1200.8773533174922
淮安市,433,431.70488534396804
绍兴市,740,893.82775697548
舟山市,179,1230.2405498281785
宁波市,3167,3381.5310957783713
衢州市,252,284.9067269643866
丽水市,311,180.02894356005788
马鞍山市,232,572.9809829587552
安庆市,303,223.81444821982566
滁州市,246,182.0065108020124
台州市,578,575.8119147240486
亳州市,129,151.39068184485387
淮北市,127,463.33454943451295
合肥市,5808,5074.705111402359
淮南市,162,292.82576866764276
铜陵市,90,299.20212765957444
芜湖市,459,761.6993030202456
蚌埠市,234,393.2112250042009
黄山市,76,77.49566636076273
阜阳市,410,405.21842261316465
南平市,216,82.1917808219178
宿州市,220,221.350236442298
池州市,78,92.86819859507084
龙岩市,577,303.2373344544881
莆田市,600,1452.4328249818445
厦门市,7123,37254.18410041841
三明市,398,173.30720661876768
六安市,237,153.38813021810884
宁德市,742,552.4121500893389
福州市,7355,6003.591543547465
宣城市,125,101.51872005197758
宜春市,349,186.9409180995233
九江市,381,199.7064681832477
赣州市,699,177.57792851154636
枣庄市,478,1047.3269062226116
抚州市,205,109.05415469730822
萍乡市,176,459.4100756982511
南昌市,1837,2553.16191799861
景德镇市,96,182.44013683010263
漳州市,1018,790.2333983063544
吉安市,264,104.46757152467255
上饶市,371,163.17016317016316
青岛市,5476,4849.021517754361
泉州市,1924,1704.6159298307787
新余市,127,401.8987341772152
鹰潭市,83,233.1460674157303
潍坊市,1311,812.116706931797
日照市,574,1071.0953536107481
济宁市,1105,987.7536426208992
威海市,597,1029.8430222528893
东营市,695,843.1396336285333
济南市,6626,6468.176493557205
泰安市,731,941.8889318386806
烟台市,1487,409.0558978873239
淄博市,930,1559.094719195306
鹤壁市,130,607.4766355140187
聊城市,605,701.205377839592
平顶山市,210,265.4867256637168
新乡市,339,408.87709564588107
临沂市,1497,870.8044907218894
南阳市,498,187.84655426049565
漯河市,142,542.6060374474589
洛阳市,760,498.8185875557889
濮阳市,134,313.74385389838443
许昌市,223,447.88110062261495
三门峡市,89,89.573268921095
德州市,564,544.5066615176675
郑州市,5667,7488.919253936076
开封市,246,394.2307692307692
焦作市,158,397.78449144008056
菏泽市,487,400.6581653640477
滨州市,573,624.7274313126908
安阳市,233,316.9205658324265
荆门市,143,115.89269794959073
黄冈市,285,163.25829180271523
荆州市,216,153.20235477693453
湘潭市,170,339.59248901318415
襄阳市,480,243.30900243309
潜江市,23,114.77045908183632
商丘市,157,146.67414050822123
仙桃市,57,224.58628841607563
株洲市,387,315.60919915185127
神农架林区,8,24.746579558706618
黄石市,197,431.5443592552026
孝感市,205,230.2336028751123
天门市,30,114.41647597254006
鄂州市,95,595.2380952380952
衡阳市,226,147.72207333812668
周口市,234,195.63581640331074
邵阳市,165,79.23549750288129
十堰市,373,157.61007352319783
宜昌市,609,288.8446215139442
咸宁市,191,195.86669989222202
济源市,56,290.0051786639047
驻马店市,144,95.47172313200292
恩施土家族苗族自治州,286,119.16666666666667
随州市,121,125.85812356979405
武汉市,7804,9107.087634129406
信阳市,277,146.43687883273418
揭阳市,118,224.12155745489076
阳江市,88,110.62225015713388
云浮市,55,70.64868336544636
韶关市,212,115.13604518546678
怀化市,131,47.510245530047506
河源市,243,155.2318896128785
益阳市,153,124.18831168831169
肇庆市,253,169.90128265395205
郴州市,194,100.29986557749973
清远市,117,61.46249212019331
常德市,136,74.81982725422236
珠海市,3055,17593.264457574605
岳阳市,201,135.2806568851797
张家界市,61,63.98153975246486
汕头市,407,1850.807625145518
湛江市,385,290.2812335067481
娄底市,165,203.4525277435265
潮州市,88,279.72027972027973
江门市,372,391.4141414141414
北海市,202,506.3925795938831
茂名市,235,205.65327732563227
长沙市,5676,4802.030456852791
梅州市,224,141.1956625196744
永州市,145,65.14218967608608
湘西土家族苗族自治州,65,42.01680672268907
汕尾市,81,166.59810777457835
梧州市,105,83.51893095768374
佛山市,2528,6656.625554279936
惠州市,1125,991.5388683236382
东莞市,2781,11304.510422425286
深圳市,22125,107926.82926829267
中山市,1013,5679.301664545571
广州市,22943,30860.59399548047
南宁市,3505,1586.0446174035023
柳州市,603,324.24584610421033
桂林市,460,166.26305707160154
贵港市,166,156.57423127711752
临高县,7,52.10931044493907
定安县,7,58.50592581448606
琼海市,52,304.0686727402434
防城港市,55,88.25417201540436
百色市,107,29.556378100657422
五指山市,7,61.90253004483512
澄迈县,324,1560.4831718265357
玉林市,218,169.99376169681847
屯昌县,10,81.70134888927016
琼中黎族苗族自治县,5,18.49003017572925
昌江黎族自治县,11,67.87986498077765
陵水黎族自治县,58,523.5224031483554
河池市,86,25.690046600549646
保亭黎族苗族自治县,16,137.14246530724196
崇左市,62,35.77198246018924
重庆市,7478,908.6269744835965
万宁市,24,126.32509763877339
白沙黎族自治县,1,4.726657402418158
东方市,28,123.20581531448285
三沙市,6,2222.222222222222
文昌市,42,170.78863686269406
海南省洋浦经济开发区,2,174.36791630340016
乐东黎族自治县,25,90.39858544293497
来宾市,70,52.30907188761022
钦州市,132,121.33468149646106
海口市,2924,12686.346991548218
三亚市,667,3474.7184279894564
儋州市,121,356.5114908662345
贺州市,72,61.26095464987662
西藏自治区,1,0.008316914358237778
玉树藏族自治州,4,0.14981273408239698
海西蒙古族藏族自治州,43,1.429264693173433
拉萨市,341,115.07048826669087
酒泉市,161,8.385416666666668
遵义市,277,90.0315272857282
安顺市,86,93.19462505418292
定西市,97,49.46708144219491
黔西南布依族苗族自治州,123,73.18814709032488
贵州省贵安新区,1,5.571030640668523
和田地区,50,2.0084676998224515
嘉峪关市,70,571.8954248366013
平凉市,143,128.01002596007518
天水市,140,98.05981648805772
阿勒泰地区,27,2.2881355932203387
金昌市,66,87.42879851635978
武威市,129,39.87426931946987
张掖市,169,46.23550010943313
那曲市,11,0.31144533285012116
甘南藏族自治州,18,4.918839153959666
海东市,47,36.20397473424742
六盘水市,101,101.87613475892677
海南藏族自治州,13,0.29213483146067415
白银市,97,48.261107517786954
山南市,20,2.5235319352966408
黔东南苗族侗族自治州,108,35.66475133742818
黔南布依族苗族自治州,132,50.39129604886429
阿里地区,4,0.11863275747015645
西宁市,756,993.8214802155909
庆阳市,208,76.70465021941955
陇南市,84,30.17349761126477
黄南藏族自治州,5,2.74333369911116
昌都市,12,1.0927269912672901
铜仁市,116,64.39435994226712
临夏回族自治州,44,60.01909698540444
海北藏族自治州,11,3.19860424542018
林芝市,19,1.663529308759795
兰州市,1925,1459.2177077016372
日喀则市,11,0.6137022985940639
贵阳市,2568,3192.83849309959
毕节市,112,41.71477522440314
图木舒克市,1,5.189413596263622
博尔塔拉蒙古自治州,20,0.7352941176470588
吐鲁番市,18,2.580312217778351
可克达拉市,3,30.621306304926968
攀枝花市,108,145.7293212791796
自贡市,181,413.99817017383344
克拉玛依市,79,102.15957584378637
银川市,1135,1257.5647784359219
克孜勒苏柯尔克孜自治州,19,2.621846884141966
喀什地区,147,13.195928113610655
内江市,122,226.5552460538533
塔城地区,32,3.372292444357701
丽江市,63,30.64947701289224
昌吉回族自治州,116,15.747943841203163
遂宁市,141,264.9379932356257
乐山市,107,84.11949685534591
石河子市,55,8828.25040128411
昆明市,2523,1200.6852900585352
中卫市,41,23.507017704797725
双河市,3,40.43126684636118
固原市,86,81.72574360923691
德宏傣族景颇族自治州,30,26.852846401718583
成都市,9712,6775.026159748866
巴中市,94,76.44140847361145
阿拉尔市,14,20.22127856255597
北屯市,6,65.86169045005488
达州市,145,87.41258741258741
昭通市,90,40.10873924862962
甘孜藏族自治州,27,1.8038120561453204
红河哈尼族彝族自治州,118,36.675576552495805
雅安市,55,36.554565997607334
哈密市,73,5.319846671816472
眉山市,152,212.88515406162463
阿坝藏族羌族自治州,29,3.4938917134526877
泸州市,247,201.97890260855343
普洱市,53,11.973071883612704
铁门关市,6,101.69491525423729
玉溪市,64,42.83228483469415
阿克苏地区,139,10.874922741106426
五家渠市,17,229.11051212938006
保山市,56,29.3778197460917
迪庆藏族自治州,17,7.332010696109721
西双版纳傣族自治州,61,31.943862589023876
宜宾市,310,233.59204280009038
吴忠市,75,44.7547440028643
楚雄彝族自治州,104,36.569499630788705
德阳市,254,429.707325325664
绵阳市,939,463.5434664560399
文山壮族苗族自治州,70,22.253306205493388
临沧市,68,28.787942932136655
石嘴山市,62,152.18458517427587
大理白族自治州,104,36.746519680587944
新星市,4,74.21150278293135
巴音郭楞蒙古自治州,219,4.644494683220014
胡杨河市,4,59.002271587456114
广安市,119,187.72677078403532
曲靖市,169,58.47750865051903
伊犁哈萨克自治州,149,5.343337208149341
怒江傈僳族自治州,12,8.2276311278711
凉山彝族自治州,175,29.040341182522692
广元市,146,89.46626631533795
资阳市,73,127.02279450147904
南充市,341,273.1933984938311
延安市,217,58.59955172693149
咸阳市,419,411.14709057011083
商洛市,48,24.506049931076735
渭南市,210,161.15417082342105
安康市,175,74.35418082936778
榆林市,566,131.87325256290774
宝鸡市,570,314.6216260970359
汉中市,190,70.11846329852013
铜川市,75,193.05019305019303
西安市,11503,11349.77799703996
